Model,RMSE,MAE
Bayesian matrix factorization,0.8171917688267144,0.6189351134410633
User/movie bias baseline,0.8314432241635475,0.631723515223977
Global mean,0.9724035792803593,0.7682537785420854
