Statistic,True test ratings,Posterior predictive ratings
Mean,3.710589036431733,3.6643119343122437
Standard deviation,0.9723800049414143,0.9514941803023788
Minimum,0.5,0.5
Maximum,5.0,5.0
